first_name,last_name,birthday_month,birthday_day,email_address,nickname,street_address,city,state,zip,phone
Camila,De Prisco,6,23,camila.d@gmail.com,Cams,338 N Market St,San Jose,CA,95110,8297638071
Gabriel Bonarelli,5,27,gabriel.bona@gmail,com,Gabeo,805 N Lasalle Dr,Chicago,IL,60610,3129781393
Pier,Blanco,9,11,pierpaolob@gmail.com,Pierreo,200 East 69th St,New York,NY,10021,2123355887
Alexander,Rodriguez,10,29,alexrod@gmail.com,Arod,101 W 6th St,Tucson,AZ,85701,6023311994
